<?xml version="1.0" encoding="UTF-8" ?>
<!--
 Copyright 2022 Shadow Robot Company Ltd.
 This program is free software: you can redistribute it and/or modify it
 under the terms of the GNU General Public License as published by the Free
 Software Foundation version 2 of the License.
 This program is distributed in the hope that it will be useful, but WITHOUT
 ANY WARRANTY; without even the implied warranty of MERCHANTABILITY or
 FITNESS FOR A PARTICULAR PURPOSE. See the GNU General Public License for
 more details.
 You should have received a copy of the GNU General Public License along
 with this program. If not, see <http://www.gnu.org/licenses/>.
-->
<root>
    <grasp name="lateral">
        <joint name="MFJ4">0.0</joint>
        <joint name="MFJ3">90.0</joint>
        <joint name="MFJ2">90.0</joint>
        <joint name="MFJ1">90.0</joint>
        <joint name="MFJ0">180.0</joint>
        <joint name="THJ5">0.0</joint>
        <joint name="WRJ1">0.0</joint>
        <joint name="WRJ2">0.0</joint>
        <joint name="THJ4">38.0</joint>
        <joint name="LFJ0">180.0</joint>
        <joint name="LFJ1">90.0</joint>
        <joint name="LFJ2">90.0</joint>
        <joint name="LFJ3">90.0</joint>
        <joint name="LFJ4">0.0</joint>
        <joint name="LFJ5">0.0</joint>
        <joint name="THJ1">19.0</joint>
        <joint name="RFJ2">90.0</joint>
        <joint name="RFJ3">90.0</joint>
        <joint name="RFJ0">180.0</joint>
        <joint name="RFJ1">90.0</joint>
        <joint name="RFJ4">0.0</joint>
        <joint name="THJ3">15.0</joint>
        <joint name="FFJ4">0.0</joint>
        <joint name="THJ2">30.0</joint>
        <joint name="FFJ2">38.5</joint>
        <joint name="FFJ3">68.0</joint>
        <joint name="FFJ0">77.0</joint>
        <joint name="FFJ1">38.5</joint>
    </grasp>
    <grasp name="tripod_variation">
        <joint name="MFJ4">0.0</joint>
        <joint name="MFJ3">20.0</joint>
        <joint name="MFJ2">55.5</joint>
        <joint name="MFJ1">55.5</joint>
        <joint name="MFJ0">111.0</joint>
        <joint name="THJ5">35.0</joint>
        <joint name="WRJ1">-2.0</joint>
        <joint name="WRJ2">-3.0</joint>
        <joint name="THJ4">48.0</joint>
        <joint name="LFJ0">108.0</joint>
        <joint name="LFJ1">54.0</joint>
        <joint name="LFJ2">54.0</joint>
        <joint name="LFJ3">37.0</joint>
        <joint name="LFJ4">1.0</joint>
        <joint name="LFJ5">0.0</joint>
        <joint name="THJ1">3.0</joint>
        <joint name="RFJ2">54.0</joint>
        <joint name="RFJ3">37.0</joint>
        <joint name="RFJ0">108.0</joint>
        <joint name="RFJ1">54.0</joint>
        <joint name="RFJ4">0.0</joint>
        <joint name="THJ3">4.0</joint>
        <joint name="FFJ4">0.0</joint>
        <joint name="THJ2">23.0</joint>
        <joint name="FFJ2">54.0</joint>
        <joint name="FFJ3">21.0</joint>
        <joint name="FFJ0">108.0</joint>
        <joint name="FFJ1">54.0</joint>
    </grasp>
    <grasp name="ventral">
        <joint name="MFJ4">-10.0</joint>
        <joint name="MFJ3">90.0</joint>
        <joint name="MFJ2">60.0</joint>
        <joint name="MFJ1">60.0</joint>
        <joint name="MFJ0">120.0</joint>
        <joint name="THJ5">5.0</joint>
        <joint name="WRJ1">-2.0</joint>
        <joint name="WRJ2">-3.0</joint>
        <joint name="THJ4">47.0</joint>
        <joint name="LFJ0">120.0</joint>
        <joint name="LFJ1">60.0</joint>
        <joint name="LFJ2">60.0</joint>
        <joint name="LFJ3">90.0</joint>
        <joint name="LFJ4">10.0</joint>
        <joint name="LFJ5">0.0</joint>
        <joint name="THJ1">34.0</joint>
        <joint name="RFJ2">55.5</joint>
        <joint name="RFJ3">90.0</joint>
        <joint name="RFJ0">111.0</joint>
        <joint name="RFJ1">55.5</joint>
        <joint name="RFJ4">10.0</joint>
        <joint name="THJ3">-11.0</joint>
        <joint name="FFJ4">0.0</joint>
        <joint name="THJ2">27.0</joint>
        <joint name="FFJ2">37.0</joint>
        <joint name="FFJ3">64.0</joint>
        <joint name="FFJ0">74.0</joint>
        <joint name="FFJ1">37.0</joint>
    </grasp>
    <grasp name="prismatic_2_fingers">
        <joint name="MFJ4">-1.0</joint>
        <joint name="MFJ3">20.0</joint>
        <joint name="MFJ2">55.5</joint>
        <joint name="MFJ1">55.5</joint>
        <joint name="MFJ0">111.0</joint>
        <joint name="THJ4">58.0</joint>
        <joint name="THJ1">16.0</joint>
        <joint name="THJ3">-2.0</joint>
        <joint name="FFJ4">-12.0</joint>
        <joint name="THJ2">7.0</joint>
        <joint name="FFJ2">54.0</joint>
        <joint name="FFJ3">21.0</joint>
        <joint name="FFJ0">108.0</joint>
        <joint name="FFJ1">54.0</joint>
    </grasp>
    <grasp name="writing_tripod">
        <joint name="MFJ4">-1.0</joint>
        <joint name="MFJ3">82.0</joint>
        <joint name="MFJ2">12.5</joint>
        <joint name="MFJ1">12.5</joint>
        <joint name="MFJ0">25.0</joint>
        <joint name="THJ5">21.0</joint>
        <joint name="THJ4">61.0</joint>
        <joint name="THJ1">30.0</joint>
        <joint name="THJ3">8.0</joint>
        <joint name="FFJ4">-7.0</joint>
        <joint name="THJ2">1.0</joint>
        <joint name="FFJ2">15.5</joint>
        <joint name="FFJ3">65.0</joint>
        <joint name="FFJ0">31.0</joint>
        <joint name="FFJ1">15.5</joint>
    </grasp>
    <grasp name="grab">
        <joint name="MFJ4">-0.3125</joint>
        <joint name="MFJ3">75.625</joint>
        <joint name="FFJ4">-2.19140625</joint>
        <joint name="MFJ0">39.7265625</joint>
        <joint name="LFJ0">58.4453125</joint>
        <joint name="LFJ5">0.328125</joint>
        <joint name="THJ4">59.515625</joint>
        <joint name="THJ5">14.4140625</joint>
        <joint name="THJ2">-2.67578125</joint>
        <joint name="THJ3">3.265625</joint>
        <joint name="FFJ0">66.484375</joint>
        <joint name="LFJ3">89.25</joint>
        <joint name="THJ1">-0.72265625</joint>
        <joint name="LFJ4">0.5234375</joint>
        <joint name="RFJ3">88.1875</joint>
        <joint name="RFJ0">65.6796875</joint>
        <joint name="RFJ4">0.35546875</joint>
        <joint name="FFJ3">57.328125</joint>
    </grasp>
    <grasp name="grab2">
        <joint name="MFJ4">-0.34765625</joint>
        <joint name="MFJ3">75.48046875</joint>
        <joint name="FFJ4">-2.2421875</joint>
        <joint name="MFJ0">39.21875</joint>
        <joint name="LFJ0">61.5390625</joint>
        <joint name="LFJ5">0.25</joint>
        <joint name="THJ4">58.875</joint>
        <joint name="THJ5">10.74609375</joint>
        <joint name="THJ2">-3.4296875</joint>
        <joint name="THJ3">2.921875</joint>
        <joint name="FFJ0">66.3125</joint>
        <joint name="LFJ3">59.453125</joint>
        <joint name="THJ1">0.390625</joint>
        <joint name="LFJ4">0.41796875</joint>
        <joint name="RFJ3">55.49609375</joint>
        <joint name="RFJ0">63.9765625</joint>
        <joint name="RFJ4">0.42578125</joint>
        <joint name="FFJ3">56.42578125</joint>
    </grasp>
    <grasp name="opened">
        <joint name="LFJ5">0.609375</joint>
        <joint name="MFJ4">-0.4375</joint>
        <joint name="MFJ3">2.08984375</joint>
        <joint name="FFJ4">-1.3984375</joint>
        <joint name="MFJ0">0.15625</joint>
        <joint name="LFJ0">0.7890625</joint>
        <joint name="WRJ1">18.76953125</joint>
        <joint name="THJ4">-1.30078125</joint>
        <joint name="THJ5">-4.921875</joint>
        <joint name="THJ2">1.85546875</joint>
        <joint name="THJ3">-2.71875</joint>
        <joint name="FFJ0">1.6015625</joint>
        <joint name="LFJ3">0.11328125</joint>
        <joint name="THJ1">1.9140625</joint>
        <joint name="LFJ4">0.24609375</joint>
        <joint name="RFJ3">1.2265625</joint>
        <joint name="WRJ2">4.35546875</joint>
        <joint name="RFJ0">1.796875</joint>
        <joint name="RFJ4">0.390625</joint>
        <joint name="FFJ3">-0.06640625</joint>
    </grasp>
</root>
