<?xml version='1.0' encoding='UTF-8'?>

<!--
 Copyright 2024 Shadow Robot Company Ltd.
 This program is free software: you can redistribute it and/or modify it
 under the terms of the GNU General Public License as published by the Free
 Software Foundation version 2 of the License.
 This program is distributed in the hope that it will be useful, but WITHOUT
 ANY WARRANTY; without even the implied warranty of MERCHANTABILITY or
 FITNESS FOR A PARTICULAR PURPOSE. See the GNU General Public License for
 more details.
 You should have received a copy of the GNU General Public License along
 with this program. If not, see <http://www.gnu.org/licenses/>.
-->

<root version="2.3.8">
 <tabbed_widget name="Main Window" parent="main_window">
  <Tab tab_name="ff_pad" containers="1">
   <Container>
    <DockSplitter sizes="0.333166;0.333668;0.333166" orientation="-" count="3">
     <DockArea name="...">
      <plot style="Lines" mode="TimeSeries">
       <range right="85.229002" bottom="-131.625000" left="55.229991" top="20.625000"/>
       <limitY/>
       <curve name="/lh/tactile/tactiles.0/magnetic_data.16/x" color="#ff7f0e"/>
       <curve name="/lh/tactile/tactiles.0/magnetic_data.8/x" color="#17becf"/>
       <curve name="/lh/tactile/tactiles.0/magnetic_data.5/x" color="#d62728"/>
       <curve name="/lh/tactile/tactiles.0/magnetic_data.9/x" color="#f14cc1"/>
       <curve name="/lh/tactile/tactiles.0/magnetic_data.1/x" color="#bcbd22"/>
       <curve name="/lh/tactile/tactiles.0/magnetic_data.7/x" color="#1ac938"/>
       <curve name="/lh/tactile/tactiles.0/magnetic_data.2/x" color="#9467bd"/>
       <curve name="/lh/tactile/tactiles.0/magnetic_data.14/x" color="#1f77b4"/>
      </plot>
     </DockArea>
     <DockArea name="...">
      <plot style="Lines" mode="TimeSeries">
       <range right="85.229002" bottom="-267.725000" left="55.229991" top="266.725000"/>
       <limitY/>
       <curve name="/lh/tactile/tactiles.0/magnetic_data.16/y" color="#f14cc1"/>
       <curve name="/lh/tactile/tactiles.0/magnetic_data.8/y" color="#bcbd22"/>
       <curve name="/lh/tactile/tactiles.0/magnetic_data.5/y" color="#ff7f0e"/>
       <curve name="/lh/tactile/tactiles.0/magnetic_data.9/y" color="#9467bd"/>
       <curve name="/lh/tactile/tactiles.0/magnetic_data.1/y" color="#1f77b4"/>
       <curve name="/lh/tactile/tactiles.0/magnetic_data.7/y" color="#ff7f0e"/>
       <curve name="/lh/tactile/tactiles.0/magnetic_data.2/y" color="#17becf"/>
       <curve name="/lh/tactile/tactiles.0/magnetic_data.14/y" color="#d62728"/>
      </plot>
     </DockArea>
     <DockArea name="...">
      <plot style="Lines" mode="TimeSeries">
       <range right="85.229002" bottom="-261.825000" left="55.229991" top="-185.175000"/>
       <limitY/>
       <curve name="/lh/tactile/tactiles.0/magnetic_data.16/z" color="#9467bd"/>
       <curve name="/lh/tactile/tactiles.0/magnetic_data.8/z" color="#1f77b4"/>
       <curve name="/lh/tactile/tactiles.0/magnetic_data.5/z" color="#1ac938"/>
       <curve name="/lh/tactile/tactiles.0/magnetic_data.9/z" color="#17becf"/>
       <curve name="/lh/tactile/tactiles.0/magnetic_data.1/z" color="#d62728"/>
       <curve name="/lh/tactile/tactiles.0/magnetic_data.7/z" color="#f14cc1"/>
       <curve name="/lh/tactile/tactiles.0/magnetic_data.2/z" color="#bcbd22"/>
       <curve name="/lh/tactile/tactiles.0/magnetic_data.14/z" color="#1ac938"/>
      </plot>
     </DockArea>
    </DockSplitter>
   </Container>
  </Tab>
  <Tab tab_name="ff_tip" containers="1">
   <Container>
    <DockSplitter sizes="0.333166;0.333668;0.333166" orientation="-" count="3">
     <DockArea name="...">
      <plot style="LinesAndDots" mode="TimeSeries">
       <range right="27.866416" bottom="-248.100000" left="-2.132523" top="-33.900000"/>
       <limitY/>
       <curve name="/lh/tactile/tactiles.0/magnetic_data.11/x" color="#1f77b4"/>
       <curve name="/lh/tactile/tactiles.0/magnetic_data.12/x" color="#ff7f0e"/>
       <curve name="/lh/tactile/tactiles.0/magnetic_data.13/x" color="#17becf"/>
      </plot>
     </DockArea>
     <DockArea name="...">
      <plot style="LinesAndDots" mode="TimeSeries">
       <range right="27.866416" bottom="-111.725000" left="-2.132523" top="2.725000"/>
       <limitY/>
       <curve name="/lh/tactile/tactiles.0/magnetic_data.11/y" color="#d62728"/>
       <curve name="/lh/tactile/tactiles.0/magnetic_data.12/y" color="#f14cc1"/>
       <curve name="/lh/tactile/tactiles.0/magnetic_data.13/y" color="#bcbd22"/>
      </plot>
     </DockArea>
     <DockArea name="...">
      <plot style="LinesAndDots" mode="TimeSeries">
       <range right="27.866416" bottom="-304.775000" left="-2.132523" top="-272.225000"/>
       <limitY/>
       <curve name="/lh/tactile/tactiles.0/magnetic_data.11/z" color="#1ac938"/>
       <curve name="/lh/tactile/tactiles.0/magnetic_data.12/z" color="#9467bd"/>
       <curve name="/lh/tactile/tactiles.0/magnetic_data.13/z" color="#1f77b4"/>
      </plot>
     </DockArea>
    </DockSplitter>
   </Container>
  </Tab>
  <Tab tab_name="ff_left side" containers="1">
   <Container>
    <DockSplitter sizes="0.333166;0.333668;0.333166" orientation="-" count="3">
     <DockArea name="...">
      <plot style="Lines" mode="TimeSeries">
       <range right="27.866416" bottom="-257.225000" left="-2.132523" top="-121.775000"/>
       <limitY/>
       <curve name="/lh/tactile/tactiles.0/magnetic_data.0/x" color="#d62728"/>
       <curve name="/lh/tactile/tactiles.0/magnetic_data.3/x" color="#f14cc1"/>
       <curve name="/lh/tactile/tactiles.0/magnetic_data.4/x" color="#bcbd22"/>
      </plot>
     </DockArea>
     <DockArea name="...">
      <plot style="Lines" mode="TimeSeries">
       <range right="27.866416" bottom="-164.325000" left="-2.132523" top="17.325000"/>
       <limitY/>
       <curve name="/lh/tactile/tactiles.0/magnetic_data.0/y" color="#1ac938"/>
       <curve name="/lh/tactile/tactiles.0/magnetic_data.3/y" color="#9467bd"/>
       <curve name="/lh/tactile/tactiles.0/magnetic_data.4/y" color="#1f77b4"/>
      </plot>
     </DockArea>
     <DockArea name="...">
      <plot style="Lines" mode="TimeSeries">
       <range right="27.866416" bottom="-526.625000" left="-2.132523" top="-416.375000"/>
       <limitY/>
       <curve name="/lh/tactile/tactiles.0/magnetic_data.0/z" color="#ff7f0e"/>
       <curve name="/lh/tactile/tactiles.0/magnetic_data.3/z" color="#17becf"/>
       <curve name="/lh/tactile/tactiles.0/magnetic_data.4/z" color="#d62728"/>
      </plot>
     </DockArea>
    </DockSplitter>
   </Container>
  </Tab>
  <Tab tab_name="ff_right side" containers="1">
   <Container>
    <DockSplitter sizes="0.333166;0.333668;0.333166" orientation="-" count="3">
     <DockArea name="...">
      <plot style="Lines" mode="TimeSeries">
       <range right="27.866416" bottom="-42.825000" left="-2.132523" top="33.825000"/>
       <limitY/>
       <curve name="/lh/tactile/tactiles.0/magnetic_data.6/x" color="#1ac938"/>
       <curve name="/lh/tactile/tactiles.0/magnetic_data.10/x" color="#9467bd"/>
       <curve name="/lh/tactile/tactiles.0/magnetic_data.15/x" color="#1f77b4"/>
      </plot>
     </DockArea>
     <DockArea name="...">
      <plot style="Lines" mode="TimeSeries">
       <range right="27.866416" bottom="-108.150000" left="-2.132523" top="-17.850000"/>
       <limitY/>
       <curve name="/lh/tactile/tactiles.0/magnetic_data.6/y" color="#ff7f0e"/>
       <curve name="/lh/tactile/tactiles.0/magnetic_data.10/y" color="#bcbd22"/>
       <curve name="/lh/tactile/tactiles.0/magnetic_data.15/y" color="#d62728"/>
      </plot>
     </DockArea>
     <DockArea name="...">
      <plot style="Lines" mode="TimeSeries">
       <range right="27.866416" bottom="-552.950000" left="-2.132523" top="-387.050000"/>
       <limitY/>
       <curve name="/lh/tactile/tactiles.0/magnetic_data.6/z" color="#f14cc1"/>
       <curve name="/lh/tactile/tactiles.0/magnetic_data.10/z" color="#17becf"/>
       <curve name="/lh/tactile/tactiles.0/magnetic_data.15/z" color="#1ac938"/>
      </plot>
     </DockArea>
    </DockSplitter>
   </Container>
  </Tab>
  <Tab tab_name="mf_pad" containers="1">
   <Container>
    <DockSplitter sizes="0.333166;0.333668;0.333166" orientation="-" count="3">
     <DockArea name="...">
      <plot style="Lines" mode="TimeSeries">
       <range right="85.229002" bottom="-131.625000" left="55.229991" top="20.625000"/>
       <limitY/>
       <curve name="/lh/tactile/tactiles.1/magnetic_data.16/x" color="#ff7f0e"/>
       <curve name="/lh/tactile/tactiles.1/magnetic_data.8/x" color="#17becf"/>
       <curve name="/lh/tactile/tactiles.1/magnetic_data.5/x" color="#d62728"/>
       <curve name="/lh/tactile/tactiles.1/magnetic_data.9/x" color="#f14cc1"/>
       <curve name="/lh/tactile/tactiles.1/magnetic_data.1/x" color="#bcbd22"/>
       <curve name="/lh/tactile/tactiles.1/magnetic_data.7/x" color="#1ac938"/>
       <curve name="/lh/tactile/tactiles.1/magnetic_data.2/x" color="#9467bd"/>
       <curve name="/lh/tactile/tactiles.1/magnetic_data.14/x" color="#1f77b4"/>
      </plot>
     </DockArea>
     <DockArea name="...">
      <plot style="Lines" mode="TimeSeries">
       <range right="85.229002" bottom="-267.725000" left="55.229991" top="266.725000"/>
       <limitY/>
       <curve name="/lh/tactile/tactiles.1/magnetic_data.16/y" color="#f14cc1"/>
       <curve name="/lh/tactile/tactiles.1/magnetic_data.8/y" color="#bcbd22"/>
       <curve name="/lh/tactile/tactiles.1/magnetic_data.5/y" color="#ff7f0e"/>
       <curve name="/lh/tactile/tactiles.1/magnetic_data.9/y" color="#9467bd"/>
       <curve name="/lh/tactile/tactiles.1/magnetic_data.1/y" color="#1f77b4"/>
       <curve name="/lh/tactile/tactiles.1/magnetic_data.7/y" color="#ff7f0e"/>
       <curve name="/lh/tactile/tactiles.1/magnetic_data.2/y" color="#17becf"/>
       <curve name="/lh/tactile/tactiles.1/magnetic_data.14/y" color="#d62728"/>
      </plot>
     </DockArea>
     <DockArea name="...">
      <plot style="Lines" mode="TimeSeries">
       <range right="85.229002" bottom="-261.825000" left="55.229991" top="-185.175000"/>
       <limitY/>
       <curve name="/lh/tactile/tactiles.1/magnetic_data.16/z" color="#9467bd"/>
       <curve name="/lh/tactile/tactiles.1/magnetic_data.8/z" color="#1f77b4"/>
       <curve name="/lh/tactile/tactiles.1/magnetic_data.5/z" color="#1ac938"/>
       <curve name="/lh/tactile/tactiles.1/magnetic_data.9/z" color="#17becf"/>
       <curve name="/lh/tactile/tactiles.1/magnetic_data.1/z" color="#d62728"/>
       <curve name="/lh/tactile/tactiles.1/magnetic_data.7/z" color="#f14cc1"/>
       <curve name="/lh/tactile/tactiles.1/magnetic_data.2/z" color="#bcbd22"/>
       <curve name="/lh/tactile/tactiles.1/magnetic_data.14/z" color="#1ac938"/>
      </plot>
     </DockArea>
    </DockSplitter>
   </Container>
  </Tab>
  <Tab tab_name="mf_tip" containers="1">
   <Container>
    <DockSplitter sizes="0.333166;0.333668;0.333166" orientation="-" count="3">
     <DockArea name="...">
      <plot style="LinesAndDots" mode="TimeSeries">
       <range right="27.866416" bottom="-248.100000" left="-2.132523" top="-33.900000"/>
       <limitY/>
       <curve name="/lh/tactile/tactiles.1/magnetic_data.11/x" color="#1f77b4"/>
       <curve name="/lh/tactile/tactiles.1/magnetic_data.12/x" color="#ff7f0e"/>
       <curve name="/lh/tactile/tactiles.1/magnetic_data.13/x" color="#17becf"/>
      </plot>
     </DockArea>
     <DockArea name="...">
      <plot style="LinesAndDots" mode="TimeSeries">
       <range right="27.866416" bottom="-111.725000" left="-2.132523" top="2.725000"/>
       <limitY/>
       <curve name="/lh/tactile/tactiles.1/magnetic_data.11/y" color="#d62728"/>
       <curve name="/lh/tactile/tactiles.1/magnetic_data.12/y" color="#f14cc1"/>
       <curve name="/lh/tactile/tactiles.1/magnetic_data.13/y" color="#bcbd22"/>
      </plot>
     </DockArea>
     <DockArea name="...">
      <plot style="LinesAndDots" mode="TimeSeries">
       <range right="27.866416" bottom="-304.775000" left="-2.132523" top="-272.225000"/>
       <limitY/>
       <curve name="/lh/tactile/tactiles.1/magnetic_data.11/z" color="#1ac938"/>
       <curve name="/lh/tactile/tactiles.1/magnetic_data.12/z" color="#9467bd"/>
       <curve name="/lh/tactile/tactiles.1/magnetic_data.13/z" color="#1f77b4"/>
      </plot>
     </DockArea>
    </DockSplitter>
   </Container>
  </Tab>
  <Tab tab_name="mf_left side" containers="1">
   <Container>
    <DockSplitter sizes="0.333166;0.333668;0.333166" orientation="-" count="3">
     <DockArea name="...">
      <plot style="Lines" mode="TimeSeries">
       <range right="27.866416" bottom="-257.225000" left="-2.132523" top="-121.775000"/>
       <limitY/>
       <curve name="/lh/tactile/tactiles.1/magnetic_data.0/x" color="#d62728"/>
       <curve name="/lh/tactile/tactiles.1/magnetic_data.3/x" color="#f14cc1"/>
       <curve name="/lh/tactile/tactiles.1/magnetic_data.4/x" color="#bcbd22"/>
      </plot>
     </DockArea>
     <DockArea name="...">
      <plot style="Lines" mode="TimeSeries">
       <range right="27.866416" bottom="-164.325000" left="-2.132523" top="17.325000"/>
       <limitY/>
       <curve name="/lh/tactile/tactiles.1/magnetic_data.0/y" color="#1ac938"/>
       <curve name="/lh/tactile/tactiles.1/magnetic_data.3/y" color="#9467bd"/>
       <curve name="/lh/tactile/tactiles.1/magnetic_data.4/y" color="#1f77b4"/>
      </plot>
     </DockArea>
     <DockArea name="...">
      <plot style="Lines" mode="TimeSeries">
       <range right="27.866416" bottom="-526.625000" left="-2.132523" top="-416.375000"/>
       <limitY/>
       <curve name="/lh/tactile/tactiles.1/magnetic_data.0/z" color="#ff7f0e"/>
       <curve name="/lh/tactile/tactiles.1/magnetic_data.3/z" color="#17becf"/>
       <curve name="/lh/tactile/tactiles.1/magnetic_data.4/z" color="#d62728"/>
      </plot>
     </DockArea>
    </DockSplitter>
   </Container>
  </Tab>
  <Tab tab_name="mf_right side" containers="1">
   <Container>
    <DockSplitter sizes="0.333166;0.333668;0.333166" orientation="-" count="3">
     <DockArea name="...">
      <plot style="Lines" mode="TimeSeries">
       <range right="27.866416" bottom="-42.825000" left="-2.132523" top="33.825000"/>
       <limitY/>
       <curve name="/lh/tactile/tactiles.1/magnetic_data.6/x" color="#1ac938"/>
       <curve name="/lh/tactile/tactiles.1/magnetic_data.10/x" color="#9467bd"/>
       <curve name="/lh/tactile/tactiles.1/magnetic_data.15/x" color="#1f77b4"/>
      </plot>
     </DockArea>
     <DockArea name="...">
      <plot style="Lines" mode="TimeSeries">
       <range right="27.866416" bottom="-108.150000" left="-2.132523" top="-17.850000"/>
       <limitY/>
       <curve name="/lh/tactile/tactiles.1/magnetic_data.6/y" color="#ff7f0e"/>
       <curve name="/lh/tactile/tactiles.1/magnetic_data.10/y" color="#bcbd22"/>
       <curve name="/lh/tactile/tactiles.1/magnetic_data.15/y" color="#d62728"/>
      </plot>
     </DockArea>
     <DockArea name="...">
      <plot style="Lines" mode="TimeSeries">
       <range right="27.866416" bottom="-552.950000" left="-2.132523" top="-387.050000"/>
       <limitY/>
       <curve name="/lh/tactile/tactiles.1/magnetic_data.6/z" color="#f14cc1"/>
       <curve name="/lh/tactile/tactiles.1/magnetic_data.10/z" color="#17becf"/>
       <curve name="/lh/tactile/tactiles.1/magnetic_data.15/z" color="#1ac938"/>
      </plot>
     </DockArea>
    </DockSplitter>
   </Container>
  </Tab>
  <Tab tab_name="rf_pad" containers="1">
   <Container>
    <DockSplitter sizes="0.333166;0.333668;0.333166" orientation="-" count="3">
     <DockArea name="...">
      <plot style="Lines" mode="TimeSeries">
       <range right="85.229002" bottom="-131.625000" left="55.229991" top="20.625000"/>
       <limitY/>
       <curve name="/lh/tactile/tactiles.2/magnetic_data.16/x" color="#ff7f0e"/>
       <curve name="/lh/tactile/tactiles.2/magnetic_data.8/x" color="#17becf"/>
       <curve name="/lh/tactile/tactiles.2/magnetic_data.5/x" color="#d62728"/>
       <curve name="/lh/tactile/tactiles.2/magnetic_data.9/x" color="#f14cc1"/>
       <curve name="/lh/tactile/tactiles.2/magnetic_data.1/x" color="#bcbd22"/>
       <curve name="/lh/tactile/tactiles.2/magnetic_data.7/x" color="#1ac938"/>
       <curve name="/lh/tactile/tactiles.2/magnetic_data.2/x" color="#9467bd"/>
       <curve name="/lh/tactile/tactiles.2/magnetic_data.14/x" color="#1f77b4"/>
      </plot>
     </DockArea>
     <DockArea name="...">
      <plot style="Lines" mode="TimeSeries">
       <range right="85.229002" bottom="-267.725000" left="55.229991" top="266.725000"/>
       <limitY/>
       <curve name="/lh/tactile/tactiles.2/magnetic_data.16/y" color="#f14cc1"/>
       <curve name="/lh/tactile/tactiles.2/magnetic_data.8/y" color="#bcbd22"/>
       <curve name="/lh/tactile/tactiles.2/magnetic_data.5/y" color="#ff7f0e"/>
       <curve name="/lh/tactile/tactiles.2/magnetic_data.9/y" color="#9467bd"/>
       <curve name="/lh/tactile/tactiles.2/magnetic_data.1/y" color="#1f77b4"/>
       <curve name="/lh/tactile/tactiles.2/magnetic_data.7/y" color="#ff7f0e"/>
       <curve name="/lh/tactile/tactiles.2/magnetic_data.2/y" color="#17becf"/>
       <curve name="/lh/tactile/tactiles.2/magnetic_data.14/y" color="#d62728"/>
      </plot>
     </DockArea>
     <DockArea name="...">
      <plot style="Lines" mode="TimeSeries">
       <range right="85.229002" bottom="-261.825000" left="55.229991" top="-185.175000"/>
       <limitY/>
       <curve name="/lh/tactile/tactiles.2/magnetic_data.16/z" color="#9467bd"/>
       <curve name="/lh/tactile/tactiles.2/magnetic_data.8/z" color="#1f77b4"/>
       <curve name="/lh/tactile/tactiles.2/magnetic_data.5/z" color="#1ac938"/>
       <curve name="/lh/tactile/tactiles.2/magnetic_data.9/z" color="#17becf"/>
       <curve name="/lh/tactile/tactiles.2/magnetic_data.1/z" color="#d62728"/>
       <curve name="/lh/tactile/tactiles.2/magnetic_data.7/z" color="#f14cc1"/>
       <curve name="/lh/tactile/tactiles.2/magnetic_data.2/z" color="#bcbd22"/>
       <curve name="/lh/tactile/tactiles.2/magnetic_data.14/z" color="#1ac938"/>
      </plot>
     </DockArea>
    </DockSplitter>
   </Container>
  </Tab>
  <Tab tab_name="rf_tip" containers="1">
   <Container>
    <DockSplitter sizes="0.333166;0.333668;0.333166" orientation="-" count="3">
     <DockArea name="...">
      <plot style="LinesAndDots" mode="TimeSeries">
       <range right="27.866416" bottom="-248.100000" left="-2.132523" top="-33.900000"/>
       <limitY/>
       <curve name="/lh/tactile/tactiles.2/magnetic_data.11/x" color="#1f77b4"/>
       <curve name="/lh/tactile/tactiles.2/magnetic_data.12/x" color="#ff7f0e"/>
       <curve name="/lh/tactile/tactiles.2/magnetic_data.13/x" color="#17becf"/>
      </plot>
     </DockArea>
     <DockArea name="...">
      <plot style="LinesAndDots" mode="TimeSeries">
       <range right="27.866416" bottom="-111.725000" left="-2.132523" top="2.725000"/>
       <limitY/>
       <curve name="/lh/tactile/tactiles.2/magnetic_data.11/y" color="#d62728"/>
       <curve name="/lh/tactile/tactiles.2/magnetic_data.12/y" color="#f14cc1"/>
       <curve name="/lh/tactile/tactiles.2/magnetic_data.13/y" color="#bcbd22"/>
      </plot>
     </DockArea>
     <DockArea name="...">
      <plot style="LinesAndDots" mode="TimeSeries">
       <range right="27.866416" bottom="-304.775000" left="-2.132523" top="-272.225000"/>
       <limitY/>
       <curve name="/lh/tactile/tactiles.2/magnetic_data.11/z" color="#1ac938"/>
       <curve name="/lh/tactile/tactiles.2/magnetic_data.12/z" color="#9467bd"/>
       <curve name="/lh/tactile/tactiles.2/magnetic_data.13/z" color="#1f77b4"/>
      </plot>
     </DockArea>
    </DockSplitter>
   </Container>
  </Tab>
  <Tab tab_name="rf_left side" containers="1">
   <Container>
    <DockSplitter sizes="0.333166;0.333668;0.333166" orientation="-" count="3">
     <DockArea name="...">
      <plot style="Lines" mode="TimeSeries">
       <range right="27.866416" bottom="-257.225000" left="-2.132523" top="-121.775000"/>
       <limitY/>
       <curve name="/lh/tactile/tactiles.2/magnetic_data.0/x" color="#d62728"/>
       <curve name="/lh/tactile/tactiles.2/magnetic_data.3/x" color="#f14cc1"/>
       <curve name="/lh/tactile/tactiles.2/magnetic_data.4/x" color="#bcbd22"/>
      </plot>
     </DockArea>
     <DockArea name="...">
      <plot style="Lines" mode="TimeSeries">
       <range right="27.866416" bottom="-164.325000" left="-2.132523" top="17.325000"/>
       <limitY/>
       <curve name="/lh/tactile/tactiles.2/magnetic_data.0/y" color="#1ac938"/>
       <curve name="/lh/tactile/tactiles.2/magnetic_data.3/y" color="#9467bd"/>
       <curve name="/lh/tactile/tactiles.2/magnetic_data.4/y" color="#1f77b4"/>
      </plot>
     </DockArea>
     <DockArea name="...">
      <plot style="Lines" mode="TimeSeries">
       <range right="27.866416" bottom="-526.625000" left="-2.132523" top="-416.375000"/>
       <limitY/>
       <curve name="/lh/tactile/tactiles.2/magnetic_data.0/z" color="#ff7f0e"/>
       <curve name="/lh/tactile/tactiles.2/magnetic_data.3/z" color="#17becf"/>
       <curve name="/lh/tactile/tactiles.2/magnetic_data.4/z" color="#d62728"/>
      </plot>
     </DockArea>
    </DockSplitter>
   </Container>
  </Tab>
  <Tab tab_name="rf_right side" containers="1">
   <Container>
    <DockSplitter sizes="0.333166;0.333668;0.333166" orientation="-" count="3">
     <DockArea name="...">
      <plot style="Lines" mode="TimeSeries">
       <range right="27.866416" bottom="-42.825000" left="-2.132523" top="33.825000"/>
       <limitY/>
       <curve name="/lh/tactile/tactiles.2/magnetic_data.6/x" color="#1ac938"/>
       <curve name="/lh/tactile/tactiles.2/magnetic_data.10/x" color="#9467bd"/>
       <curve name="/lh/tactile/tactiles.2/magnetic_data.15/x" color="#1f77b4"/>
      </plot>
     </DockArea>
     <DockArea name="...">
      <plot style="Lines" mode="TimeSeries">
       <range right="27.866416" bottom="-108.150000" left="-2.132523" top="-17.850000"/>
       <limitY/>
       <curve name="/lh/tactile/tactiles.2/magnetic_data.6/y" color="#ff7f0e"/>
       <curve name="/lh/tactile/tactiles.2/magnetic_data.10/y" color="#bcbd22"/>
       <curve name="/lh/tactile/tactiles.2/magnetic_data.15/y" color="#d62728"/>
      </plot>
     </DockArea>
     <DockArea name="...">
      <plot style="Lines" mode="TimeSeries">
       <range right="27.866416" bottom="-552.950000" left="-2.132523" top="-387.050000"/>
       <limitY/>
       <curve name="/lh/tactile/tactiles.2/magnetic_data.6/z" color="#f14cc1"/>
       <curve name="/lh/tactile/tactiles.2/magnetic_data.10/z" color="#17becf"/>
       <curve name="/lh/tactile/tactiles.2/magnetic_data.15/z" color="#1ac938"/>
      </plot>
     </DockArea>
    </DockSplitter>
   </Container>
  </Tab>
  <Tab tab_name="lf_pad" containers="1">
   <Container>
    <DockSplitter sizes="0.333166;0.333668;0.333166" orientation="-" count="3">
     <DockArea name="...">
      <plot style="Lines" mode="TimeSeries">
       <range right="85.229002" bottom="-131.625000" left="55.229991" top="20.625000"/>
       <limitY/>
       <curve name="/lh/tactile/tactiles.3/magnetic_data.16/x" color="#ff7f0e"/>
       <curve name="/lh/tactile/tactiles.3/magnetic_data.8/x" color="#17becf"/>
       <curve name="/lh/tactile/tactiles.3/magnetic_data.5/x" color="#d62728"/>
       <curve name="/lh/tactile/tactiles.3/magnetic_data.9/x" color="#f14cc1"/>
       <curve name="/lh/tactile/tactiles.3/magnetic_data.1/x" color="#bcbd22"/>
       <curve name="/lh/tactile/tactiles.3/magnetic_data.7/x" color="#1ac938"/>
       <curve name="/lh/tactile/tactiles.3/magnetic_data.2/x" color="#9467bd"/>
       <curve name="/lh/tactile/tactiles.3/magnetic_data.14/x" color="#1f77b4"/>
      </plot>
     </DockArea>
     <DockArea name="...">
      <plot style="Lines" mode="TimeSeries">
       <range right="85.229002" bottom="-267.725000" left="55.229991" top="266.725000"/>
       <limitY/>
       <curve name="/lh/tactile/tactiles.3/magnetic_data.16/y" color="#f14cc1"/>
       <curve name="/lh/tactile/tactiles.3/magnetic_data.8/y" color="#bcbd22"/>
       <curve name="/lh/tactile/tactiles.3/magnetic_data.5/y" color="#ff7f0e"/>
       <curve name="/lh/tactile/tactiles.3/magnetic_data.9/y" color="#9467bd"/>
       <curve name="/lh/tactile/tactiles.3/magnetic_data.1/y" color="#1f77b4"/>
       <curve name="/lh/tactile/tactiles.3/magnetic_data.7/y" color="#ff7f0e"/>
       <curve name="/lh/tactile/tactiles.3/magnetic_data.2/y" color="#17becf"/>
       <curve name="/lh/tactile/tactiles.3/magnetic_data.14/y" color="#d62728"/>
      </plot>
     </DockArea>
     <DockArea name="...">
      <plot style="Lines" mode="TimeSeries">
       <range right="85.229002" bottom="-261.825000" left="55.229991" top="-185.175000"/>
       <limitY/>
       <curve name="/lh/tactile/tactiles.3/magnetic_data.16/z" color="#9467bd"/>
       <curve name="/lh/tactile/tactiles.3/magnetic_data.8/z" color="#1f77b4"/>
       <curve name="/lh/tactile/tactiles.3/magnetic_data.5/z" color="#1ac938"/>
       <curve name="/lh/tactile/tactiles.3/magnetic_data.9/z" color="#17becf"/>
       <curve name="/lh/tactile/tactiles.3/magnetic_data.1/z" color="#d62728"/>
       <curve name="/lh/tactile/tactiles.3/magnetic_data.7/z" color="#f14cc1"/>
       <curve name="/lh/tactile/tactiles.3/magnetic_data.2/z" color="#bcbd22"/>
       <curve name="/lh/tactile/tactiles.3/magnetic_data.14/z" color="#1ac938"/>
      </plot>
     </DockArea>
    </DockSplitter>
   </Container>
  </Tab>
  <Tab tab_name="lf_tip" containers="1">
   <Container>
    <DockSplitter sizes="0.333166;0.333668;0.333166" orientation="-" count="3">
     <DockArea name="...">
      <plot style="LinesAndDots" mode="TimeSeries">
       <range right="27.866416" bottom="-248.100000" left="-2.132523" top="-33.900000"/>
       <limitY/>
       <curve name="/lh/tactile/tactiles.3/magnetic_data.11/x" color="#1f77b4"/>
       <curve name="/lh/tactile/tactiles.3/magnetic_data.12/x" color="#ff7f0e"/>
       <curve name="/lh/tactile/tactiles.3/magnetic_data.13/x" color="#17becf"/>
      </plot>
     </DockArea>
     <DockArea name="...">
      <plot style="LinesAndDots" mode="TimeSeries">
       <range right="27.866416" bottom="-111.725000" left="-2.132523" top="2.725000"/>
       <limitY/>
       <curve name="/lh/tactile/tactiles.3/magnetic_data.11/y" color="#d62728"/>
       <curve name="/lh/tactile/tactiles.3/magnetic_data.12/y" color="#f14cc1"/>
       <curve name="/lh/tactile/tactiles.3/magnetic_data.13/y" color="#bcbd22"/>
      </plot>
     </DockArea>
     <DockArea name="...">
      <plot style="LinesAndDots" mode="TimeSeries">
       <range right="27.866416" bottom="-304.775000" left="-2.132523" top="-272.225000"/>
       <limitY/>
       <curve name="/lh/tactile/tactiles.3/magnetic_data.11/z" color="#1ac938"/>
       <curve name="/lh/tactile/tactiles.3/magnetic_data.12/z" color="#9467bd"/>
       <curve name="/lh/tactile/tactiles.3/magnetic_data.13/z" color="#1f77b4"/>
      </plot>
     </DockArea>
    </DockSplitter>
   </Container>
  </Tab>
  <Tab tab_name="lf_left side" containers="1">
   <Container>
    <DockSplitter sizes="0.333166;0.333668;0.333166" orientation="-" count="3">
     <DockArea name="...">
      <plot style="Lines" mode="TimeSeries">
       <range right="27.866416" bottom="-257.225000" left="-2.132523" top="-121.775000"/>
       <limitY/>
       <curve name="/lh/tactile/tactiles.3/magnetic_data.0/x" color="#d62728"/>
       <curve name="/lh/tactile/tactiles.3/magnetic_data.3/x" color="#f14cc1"/>
       <curve name="/lh/tactile/tactiles.3/magnetic_data.4/x" color="#bcbd22"/>
      </plot>
     </DockArea>
     <DockArea name="...">
      <plot style="Lines" mode="TimeSeries">
       <range right="27.866416" bottom="-164.325000" left="-2.132523" top="17.325000"/>
       <limitY/>
       <curve name="/lh/tactile/tactiles.3/magnetic_data.0/y" color="#1ac938"/>
       <curve name="/lh/tactile/tactiles.3/magnetic_data.3/y" color="#9467bd"/>
       <curve name="/lh/tactile/tactiles.3/magnetic_data.4/y" color="#1f77b4"/>
      </plot>
     </DockArea>
     <DockArea name="...">
      <plot style="Lines" mode="TimeSeries">
       <range right="27.866416" bottom="-526.625000" left="-2.132523" top="-416.375000"/>
       <limitY/>
       <curve name="/lh/tactile/tactiles.3/magnetic_data.0/z" color="#ff7f0e"/>
       <curve name="/lh/tactile/tactiles.3/magnetic_data.3/z" color="#17becf"/>
       <curve name="/lh/tactile/tactiles.3/magnetic_data.4/z" color="#d62728"/>
      </plot>
     </DockArea>
    </DockSplitter>
   </Container>
  </Tab>
  <Tab tab_name="lf_right side" containers="1">
   <Container>
    <DockSplitter sizes="0.333166;0.333668;0.333166" orientation="-" count="3">
     <DockArea name="...">
      <plot style="Lines" mode="TimeSeries">
       <range right="27.866416" bottom="-42.825000" left="-2.132523" top="33.825000"/>
       <limitY/>
       <curve name="/lh/tactile/tactiles.3/magnetic_data.6/x" color="#1ac938"/>
       <curve name="/lh/tactile/tactiles.3/magnetic_data.10/x" color="#9467bd"/>
       <curve name="/lh/tactile/tactiles.3/magnetic_data.15/x" color="#1f77b4"/>
      </plot>
     </DockArea>
     <DockArea name="...">
      <plot style="Lines" mode="TimeSeries">
       <range right="27.866416" bottom="-108.150000" left="-2.132523" top="-17.850000"/>
       <limitY/>
       <curve name="/lh/tactile/tactiles.3/magnetic_data.6/y" color="#ff7f0e"/>
       <curve name="/lh/tactile/tactiles.3/magnetic_data.10/y" color="#bcbd22"/>
       <curve name="/lh/tactile/tactiles.3/magnetic_data.15/y" color="#d62728"/>
      </plot>
     </DockArea>
     <DockArea name="...">
      <plot style="Lines" mode="TimeSeries">
       <range right="27.866416" bottom="-552.950000" left="-2.132523" top="-387.050000"/>
       <limitY/>
       <curve name="/lh/tactile/tactiles.3/magnetic_data.6/z" color="#f14cc1"/>
       <curve name="/lh/tactile/tactiles.3/magnetic_data.10/z" color="#17becf"/>
       <curve name="/lh/tactile/tactiles.3/magnetic_data.15/z" color="#1ac938"/>
      </plot>
     </DockArea>
    </DockSplitter>
   </Container>
  </Tab>
  <Tab tab_name="th_pad" containers="1">
   <Container>
    <DockSplitter sizes="0.333166;0.333668;0.333166" orientation="-" count="3">
     <DockArea name="...">
      <plot style="Lines" mode="TimeSeries">
       <range right="85.229002" bottom="-131.625000" left="55.229991" top="20.625000"/>
       <limitY/>
       <curve name="/lh/tactile/tactiles.4/magnetic_data.16/x" color="#ff7f0e"/>
       <curve name="/lh/tactile/tactiles.4/magnetic_data.8/x" color="#17becf"/>
       <curve name="/lh/tactile/tactiles.4/magnetic_data.5/x" color="#d62728"/>
       <curve name="/lh/tactile/tactiles.4/magnetic_data.9/x" color="#f14cc1"/>
       <curve name="/lh/tactile/tactiles.4/magnetic_data.1/x" color="#bcbd22"/>
       <curve name="/lh/tactile/tactiles.4/magnetic_data.7/x" color="#1ac938"/>
       <curve name="/lh/tactile/tactiles.4/magnetic_data.2/x" color="#9467bd"/>
       <curve name="/lh/tactile/tactiles.4/magnetic_data.14/x" color="#1f77b4"/>
      </plot>
     </DockArea>
     <DockArea name="...">
      <plot style="Lines" mode="TimeSeries">
       <range right="85.229002" bottom="-267.725000" left="55.229991" top="266.725000"/>
       <limitY/>
       <curve name="/lh/tactile/tactiles.4/magnetic_data.16/y" color="#f14cc1"/>
       <curve name="/lh/tactile/tactiles.4/magnetic_data.8/y" color="#bcbd22"/>
       <curve name="/lh/tactile/tactiles.4/magnetic_data.5/y" color="#ff7f0e"/>
       <curve name="/lh/tactile/tactiles.4/magnetic_data.9/y" color="#9467bd"/>
       <curve name="/lh/tactile/tactiles.4/magnetic_data.1/y" color="#1f77b4"/>
       <curve name="/lh/tactile/tactiles.4/magnetic_data.7/y" color="#ff7f0e"/>
       <curve name="/lh/tactile/tactiles.4/magnetic_data.2/y" color="#17becf"/>
       <curve name="/lh/tactile/tactiles.4/magnetic_data.14/y" color="#d62728"/>
      </plot>
     </DockArea>
     <DockArea name="...">
      <plot style="Lines" mode="TimeSeries">
       <range right="85.229002" bottom="-261.825000" left="55.229991" top="-185.175000"/>
       <limitY/>
       <curve name="/lh/tactile/tactiles.4/magnetic_data.16/z" color="#9467bd"/>
       <curve name="/lh/tactile/tactiles.4/magnetic_data.8/z" color="#1f77b4"/>
       <curve name="/lh/tactile/tactiles.4/magnetic_data.5/z" color="#1ac938"/>
       <curve name="/lh/tactile/tactiles.4/magnetic_data.9/z" color="#17becf"/>
       <curve name="/lh/tactile/tactiles.4/magnetic_data.1/z" color="#d62728"/>
       <curve name="/lh/tactile/tactiles.4/magnetic_data.7/z" color="#f14cc1"/>
       <curve name="/lh/tactile/tactiles.4/magnetic_data.2/z" color="#bcbd22"/>
       <curve name="/lh/tactile/tactiles.4/magnetic_data.14/z" color="#1ac938"/>
      </plot>
     </DockArea>
    </DockSplitter>
   </Container>
  </Tab>
  <Tab tab_name="th_tip" containers="1">
   <Container>
    <DockSplitter sizes="0.333166;0.333668;0.333166" orientation="-" count="3">
     <DockArea name="...">
      <plot style="LinesAndDots" mode="TimeSeries">
       <range right="27.866416" bottom="-248.100000" left="-2.132523" top="-33.900000"/>
       <limitY/>
       <curve name="/lh/tactile/tactiles.4/magnetic_data.11/x" color="#1f77b4"/>
       <curve name="/lh/tactile/tactiles.4/magnetic_data.12/x" color="#ff7f0e"/>
       <curve name="/lh/tactile/tactiles.4/magnetic_data.13/x" color="#17becf"/>
      </plot>
     </DockArea>
     <DockArea name="...">
      <plot style="LinesAndDots" mode="TimeSeries">
       <range right="27.866416" bottom="-111.725000" left="-2.132523" top="2.725000"/>
       <limitY/>
       <curve name="/lh/tactile/tactiles.4/magnetic_data.11/y" color="#d62728"/>
       <curve name="/lh/tactile/tactiles.4/magnetic_data.12/y" color="#f14cc1"/>
       <curve name="/lh/tactile/tactiles.4/magnetic_data.13/y" color="#bcbd22"/>
      </plot>
     </DockArea>
     <DockArea name="...">
      <plot style="LinesAndDots" mode="TimeSeries">
       <range right="27.866416" bottom="-304.775000" left="-2.132523" top="-272.225000"/>
       <limitY/>
       <curve name="/lh/tactile/tactiles.4/magnetic_data.11/z" color="#1ac938"/>
       <curve name="/lh/tactile/tactiles.4/magnetic_data.12/z" color="#9467bd"/>
       <curve name="/lh/tactile/tactiles.4/magnetic_data.13/z" color="#1f77b4"/>
      </plot>
     </DockArea>
    </DockSplitter>
   </Container>
  </Tab>
  <Tab tab_name="th_left side" containers="1">
   <Container>
    <DockSplitter sizes="0.333166;0.333668;0.333166" orientation="-" count="3">
     <DockArea name="...">
      <plot style="Lines" mode="TimeSeries">
       <range right="27.866416" bottom="-257.225000" left="-2.132523" top="-121.775000"/>
       <limitY/>
       <curve name="/lh/tactile/tactiles.4/magnetic_data.0/x" color="#d62728"/>
       <curve name="/lh/tactile/tactiles.4/magnetic_data.3/x" color="#f14cc1"/>
       <curve name="/lh/tactile/tactiles.4/magnetic_data.4/x" color="#bcbd22"/>
      </plot>
     </DockArea>
     <DockArea name="...">
      <plot style="Lines" mode="TimeSeries">
       <range right="27.866416" bottom="-164.325000" left="-2.132523" top="17.325000"/>
       <limitY/>
       <curve name="/lh/tactile/tactiles.4/magnetic_data.0/y" color="#1ac938"/>
       <curve name="/lh/tactile/tactiles.4/magnetic_data.3/y" color="#9467bd"/>
       <curve name="/lh/tactile/tactiles.4/magnetic_data.4/y" color="#1f77b4"/>
      </plot>
     </DockArea>
     <DockArea name="...">
      <plot style="Lines" mode="TimeSeries">
       <range right="27.866416" bottom="-526.625000" left="-2.132523" top="-416.375000"/>
       <limitY/>
       <curve name="/lh/tactile/tactiles.4/magnetic_data.0/z" color="#ff7f0e"/>
       <curve name="/lh/tactile/tactiles.4/magnetic_data.3/z" color="#17becf"/>
       <curve name="/lh/tactile/tactiles.4/magnetic_data.4/z" color="#d62728"/>
      </plot>
     </DockArea>
    </DockSplitter>
   </Container>
  </Tab>
  <Tab tab_name="th_right side" containers="1">
   <Container>
    <DockSplitter sizes="0.333166;0.333668;0.333166" orientation="-" count="3">
     <DockArea name="...">
      <plot style="Lines" mode="TimeSeries">
       <range right="27.866416" bottom="-42.825000" left="-2.132523" top="33.825000"/>
       <limitY/>
       <curve name="/lh/tactile/tactiles.4/magnetic_data.6/x" color="#1ac938"/>
       <curve name="/lh/tactile/tactiles.4/magnetic_data.10/x" color="#9467bd"/>
       <curve name="/lh/tactile/tactiles.4/magnetic_data.15/x" color="#1f77b4"/>
      </plot>
     </DockArea>
     <DockArea name="...">
      <plot style="Lines" mode="TimeSeries">
       <range right="27.866416" bottom="-108.150000" left="-2.132523" top="-17.850000"/>
       <limitY/>
       <curve name="/lh/tactile/tactiles.4/magnetic_data.6/y" color="#ff7f0e"/>
       <curve name="/lh/tactile/tactiles.4/magnetic_data.10/y" color="#bcbd22"/>
       <curve name="/lh/tactile/tactiles.4/magnetic_data.15/y" color="#d62728"/>
      </plot>
     </DockArea>
     <DockArea name="...">
      <plot style="Lines" mode="TimeSeries">
       <range right="27.866416" bottom="-552.950000" left="-2.132523" top="-387.050000"/>
       <limitY/>
       <curve name="/lh/tactile/tactiles.4/magnetic_data.6/z" color="#f14cc1"/>
       <curve name="/lh/tactile/tactiles.4/magnetic_data.10/z" color="#17becf"/>
       <curve name="/lh/tactile/tactiles.4/magnetic_data.15/z" color="#1ac938"/>
      </plot>
     </DockArea>
    </DockSplitter>
   </Container>
  </Tab>
  <currentTabIndex index="0"/>
 </tabbed_widget>
 <use_relative_time_offset enabled="1"/>
 <!-- - - - - - - - - - - - - - - -->
 <!-- - - - - - - - - - - - - - - -->
 <Plugins>
  <plugin ID="DataLoad CSV">
   <default time_axis=""/>
  </plugin>
  <plugin ID="DataLoad ROS bags">
   <use_header_stamp value="false"/>
   <use_renaming_rules value="true"/>
   <discard_large_arrays value="true"/>
   <max_array_size value="100"/>
  </plugin>
  <plugin ID="DataLoad ULog"/>
  <plugin ID="ROS Topic Subscriber">
   <use_header_stamp value="false"/>
   <use_renaming_rules value="true"/>
   <discard_large_arrays value="true"/>
   <max_array_size value="17"/>
  </plugin>
  <plugin ID="UDP Server"/>
  <plugin ID="WebSocket Server"/>
  <plugin ID="ZMQ Subscriber"/>
  <plugin ID="CSV Exporter" status="idle"/>
  <plugin ID="ROS /rosout Visualization" status="idle"/>
  <plugin ID="ROS Topic Re-Publisher" status="idle"/>
 </Plugins>
 <!-- - - - - - - - - - - - - - - -->
 <previouslyLoaded_Datafiles/>
 <previouslyLoaded_Streamer name="ROS Topic Subscriber"/>
 <!-- - - - - - - - - - - - - - - -->
 <customMathEquations/>
 <snippets/>
 <!-- - - - - - - - - - - - - - - -->
</root>

