<!--
 Copyright 2022 Shadow Robot Company Ltd.
 This program is free software: you can redistribute it and/or modify it
 under the terms of the GNU General Public License as published by the Free
 Software Foundation version 2 of the License.
 This program is distributed in the hope that it will be useful, but WITHOUT
 ANY WARRANTY; without even the implied warranty of MERCHANTABILITY or
 FITNESS FOR A PARTICULAR PURPOSE. See the GNU General Public License for
 more details.
 You should have received a copy of the GNU General Public License along
 with this program. If not, see <http://www.gnu.org/licenses/>.
-->
<library path="libsr_mechanism_controllers">
    <class name="sr_mechanism_controllers/SrhJointPositionController"
           type="controller::SrhJointPositionController"
           base_class_type="controller_interface::ControllerBase"/>

    <class name="sr_mechanism_controllers/SrhEffortJointController"
           type="controller::SrhEffortJointController"
           base_class_type="controller_interface::ControllerBase"/>

    <class name="sr_mechanism_controllers/SrhJointVelocityController"
           type="controller::SrhJointVelocityController"
           base_class_type="controller_interface::ControllerBase"/>

    <class name="sr_mechanism_controllers/SrhMixedPositionVelocityJointController"
           type="controller::SrhMixedPositionVelocityJointController"
           base_class_type="controller_interface::ControllerBase"/>

    <class name="sr_mechanism_controllers/SrhMuscleJointPositionController"
           type="controller::SrhMuscleJointPositionController"
           base_class_type="controller_interface::ControllerBase"/>

    <class name="sr_mechanism_controllers/SrhJointMuscleValveController"
           type="controller::SrhJointMuscleValveController"
           base_class_type="controller_interface::ControllerBase"/>

    <class name="sr_mechanism_controllers/SrhJointVariablePidPositionController"
           type="controller::SrhJointVariablePidPositionController"
           base_class_type="controller_interface::ControllerBase"/>
</library>
