<?xml version="1.0" encoding="UTF-8" standalone="no" ?>

<!--
 Copyright 2022 Shadow Robot Company Ltd.
 This program is free software: you can redistribute it and/or modify it
 under the terms of the GNU General Public License as published by the Free
 Software Foundation version 2 of the License.
 This program is distributed in the hope that it will be useful, but WITHOUT
 ANY WARRANTY; without even the implied warranty of MERCHANTABILITY or
 FITNESS FOR A PARTICULAR PURPOSE. See the GNU General Public License for
 more details.
 You should have received a copy of the GNU General Public License along
 with this program. If not, see <http://www.gnu.org/licenses/>.
-->

<multimarker markers="3">
    <marker index="0" status="1">
        <corner x="-7.5" y="-7.5" z="0" />
        <corner x="7.5" y="-7.5" z="0" />
        <corner x="7.5" y="7.5" z="0" />
        <corner x="-7.5" y="7.5" z="0" />
    </marker>
    <marker index="1" status="1">
        <corner x="12.75" y="12.75" z="0" />
        <corner x="27.75" y="12.75" z="0" />
        <corner x="27.75" y="27.75" z="0" />
        <corner x="12.75" y="27.75" z="0" />
    </marker>
    <marker index="2" status="1">
        <corner x="-7.5" y="12.75" z="0" />
        <corner x="7.5" y="12.75" z="0" />
        <corner x="7.5" y="27.75" z="0" />
        <corner x="-7.5" y="27.75" z="0" />
    </marker>
</multimarker>
