<!--
 Copyright 2022 Shadow Robot Company Ltd.
 This program is free software: you can redistribute it and/or modify it
 under the terms of the GNU General Public License as published by the Free
 Software Foundation version 2 of the License.
 This program is distributed in the hope that it will be useful, but WITHOUT
 ANY WARRANTY; without even the implied warranty of MERCHANTABILITY or
 FITNESS FOR A PARTICULAR PURPOSE. See the GNU General Public License for
 more details.
 You should have received a copy of the GNU General Public License along
 with this program. If not, see <http://www.gnu.org/licenses/>.
-->
<library path="libsr_mechanism_model">
    <class name="sr_mechanism_model/J0Transmission" type="sr_mechanism_model::J0Transmission"
           base_class_type="ros_ethercat_model::Transmission">
        <description>
            This transmission is used to control the theoretical joint 0s in our hand: the joint 0 is the combination of
            the joint 1 (distal)
            and joint 2 (middle). Those 2 joints are controlled by one actuator only but have a sensor each.
        </description>
    </class>

    <class name="sr_mechanism_model/SimpleTransmission" type="sr_mechanism_model::SimpleTransmission"
           base_class_type="ros_ethercat_model::Transmission">
        <description>This transmission is used to control the other joints of the Robot.</description>
    </class>

    <class name="sr_mechanism_model/J0TransmissionForMuscle" type="sr_mechanism_model::J0TransmissionForMuscle"
           base_class_type="ros_ethercat_model::Transmission">
        <description>
            This transmission is used to control the theoretical joint 0s in our hand: the joint 0 is the combination of
            the joint 1 (distal)
            and joint 2 (middle). Those 2 joints are controlled by one actuator only but have a sensor each.
        </description>
    </class>

    <class name="sr_mechanism_model/SimpleTransmissionForMuscle" type="sr_mechanism_model::SimpleTransmissionForMuscle"
           base_class_type="ros_ethercat_model::Transmission">
        <description>This transmission is used to control the other joints of the muscle Robot.</description>
    </class>

    <class name="sr_mechanism_model/NullTransmission" type="sr_mechanism_model::NullTransmission"
           base_class_type="ros_ethercat_model::Transmission">
        <description>This transmission does nothing.</description>
    </class>
</library>
